CREATE SCHEMA SCAM;

USE SCAM;

-- Create the User table
CREATE TABLE User (
    UserID INT PRIMARY KEY,
    Name VARCHAR(255),
    Gender VARCHAR(10),
    Age INT,
    EmailAddress VARCHAR(255),
    PhoneNumber VARCHAR(20),
    Address VARCHAR(255),
    SSN VARCHAR(20) UNIQUE
);



INSERT INTO User (UserID, Name, Gender, Age, EmailAddress, PhoneNumber, Address, SSN) VALUES
	('1', 'User_1', 'Female', '47', 'user1@email.com', '740-424-2595', 'Washington', '204-82-4703'),
	('2', 'User_2', 'Male', '57', 'user2@email.com', '596-879-6107', 'Arizona', '597-52-6924'),
	('3', 'User_3', 'Other', '80', 'user3@email.com', '185-213-7640', 'New Mexico', '574-21-5969'),
	('4', 'User_4', 'Male', '64', 'user4@email.com', '293-989-5703', 'Wisconsin', '129-69-4919'),
	('5', 'User_5', 'Other', '36', 'user5@email.com', '875-144-2061', 'Maine', '704-31-6810'),
	('6', 'User_6', 'Female', '54', 'user6@email.com', '293-723-6118', 'Georgia', '505-40-5276'),
	('7', 'User_7', 'Other', '28', 'user7@email.com', '896-682-5454', 'Michigan', '613-46-5585'),
	('8', 'User_8', 'Other', '71', 'user8@email.com', '921-798-6415', 'Wisconsin', '520-50-1934'),
	('9', 'User_9', 'Male', '60', 'user9@email.com', '198-823-2853', 'Hawaii', '351-12-9017'),
	('10', 'User_10', 'Male', '74', 'user10@email.com', '514-383-5728', 'Iowa', '699-73-5359'),
	('11', 'User_11', 'Other', '68', 'user11@email.com', '109-827-1014', 'Nevada', '543-91-8038'),
	('12', 'User_12', 'Other', '45', 'user12@email.com', '830-403-6272', 'Delaware', '384-11-9705'),
	('13', 'User_13', 'Other', '62', 'user13@email.com', '295-336-1286', 'New Mexico', '100-33-8657'),
	('14', 'User_14', 'Female', '38', 'user14@email.com', '601-341-8761', 'South Dakota', '378-65-7660'),
	('15', 'User_15', 'Female', '18', 'user15@email.com', '521-623-9177', 'New Mexico', '459-98-1385'),
	('16', 'User_16', 'Male', '77', 'user16@email.com', '107-772-9701', 'Georgia', '711-94-9133'),
	('17', 'User_17', 'Other', '80', 'user17@email.com', '179-379-7762', 'Massachusetts', '973-91-8529'),
	('18', 'User_18', 'Male', '18', 'user18@email.com', '390-343-2306', 'Florida', '842-41-5377'),
	('19', 'User_19', 'Female', '29', 'user19@email.com', '385-838-5755', 'Nebraska', '316-50-1246'),
	('20', 'User_20', 'Female', '40', 'user20@email.com', '828-701-6286', 'Oregon', '867-79-5910');

-- Create the Cryptocurrency table
CREATE TABLE Cryptocurrency (
    CryptocurrencyID INT PRIMARY KEY,
    CryptocurrencyName VARCHAR(255),
    Price DECIMAL(10 , 2 ),
    Volume DECIMAL(10 , 2 ),
    MarketCap DECIMAL(20 , 2 ),
    DailyHigh DECIMAL(10 , 2 ),
    DailyLow DECIMAL(10 , 2 ),
    DailyChange DECIMAL(10 , 2 )
);

INSERT INTO Cryptocurrency (CryptocurrencyID, CryptocurrencyName, Price, Volume, MarketCap, DailyHigh, DailyLow, DailyChange) VALUES
	('1', 'EOS', '49610.30518', '69752.39289', '416012569.3', '5854.523073', '405.1858534', '756.9262305'),
	('2', 'DAI', '45794.4629', '572948.2515', '99418617.82', '36770.12549', '41891.114', '-14.46528334'),
	('3', 'ATOM', '13303.03095', '347114.8382', '505113631.4', '3364.014389', '49542.67457', '-644.9707449'),
	('4', 'QTUM', '38361.06825', '298103.6024', '346610038.5', '40274.87077', '15791.85245', '-731.6738836'),
	('5', 'OMG', '8591.458287', '828105.69', '419215923.5', '15947.988', '34106.71715', '583.0495935'),
	('6', 'ALGO', '6077.068755', '940048.8945', '449299593', '26720.84046', '32126.837', '274.4750565'),
	('7', 'BAT', '29466.08821', '378025.6407', '241069175.3', '17515.67114', '25532.60229', '585.6239063'),
	('8', 'AAVE', '13011.39735', '612654.6065', '73840624.42', '28646.8625', '13812.44948', '367.7109398'),
	('9', 'ZEC', '33793.07423', '546491.8045', '932444022.4', '46918.09701', '915.2086467', '-862.0625002'),
	('10', 'XMR', '30615.41275', '101487.9292', '945182911.9', '43037.28648', '10798.17686', '-113.3900915'),
	('11', 'SOL', '1659.148128', '389659.274', '976096377', '35987.53655', '27735.32987', '-62.98009891'),
	('12', 'SNX', '5889.809148', '632953.8768', '793594682.5', '25774.24147', '14288.25855', '716.601362'),
	('13', 'NEO', '42547.22604', '478296.6799', '664170660.6', '976.1078019', '22265.96475', '-880.4541683'),
	('14', 'DOT', '21338.17577', '924005.5258', '860897642.6', '1105.005322', '44641.12401', '-98.7703138'),
	('15', 'LSK', '33447.48128', '141061.4391', '168681397.5', '1228.795342', '40924.36159', '-325.4412882'),
	('16', 'BNB', '45751.50439', '689649.1006', '896336528.1', '17002.74859', '16386.83393', '809.0795271'),
	('17', 'NANO', '7402.563467', '408257.7324', '187873143.7', '27446.8143', '41251.32515', '691.4242282'),
	('18', 'UNI', '25578.37292', '639365.5604', '127631608.5', '48554.55856', '44233.01029', '-538.8416077'),
	('19', 'RUNE', '47129.89884', '904085.9532', '814024615.6', '910.2478456', '29981.15449', '-356.8920704'),
	('20', 'ETH', '3533.311582', '558539.5835', '688462966.8', '18527.47188', '10477.23833', '-630.9080301'),
	('21', 'XRP', '1299.723968', '228406.4404', '852112715.3', '21247.67755', '29849.2646', '-395.6062396'),
	('22', 'LINK', '28370.32983', '970900.5867', '809378111.5', '47861.87975', '16864.61844', '-885.8783372'),
	('23', 'COMP', '38248.06943', '668620.2747', '516808783.9', '42097.1224', '6265.34516', '-473.184022'),
	('24', 'TRX', '28943.8185', '102454.1168', '904656218.8', '29782.45012', '10784.793', '-463.2713577'),
	('25', 'FIL', '30935.35675', '154515.6984', '189973973.2', '268.363607', '49763.61916', '-919.247643'),
	('26', 'DASH', '14991.94755', '928141.6778', '297299035.5', '25014.99118', '21443.47615', '-15.40063055'),
	('27', 'BTC', '12091.71558', '925793.5378', '281261580.9', '4651.367979', '11443.00703', '193.119624'),
	('28', 'LTC', '12561.28592', '585637.1731', '171305281.5', '28348.62361', '15551.22077', '-23.08986803'),
	('29', 'ADA', '43483.49634', '660042.183', '811742534', '36367.55302', '40101.53581', '33.02366676'),
	('30', 'MIOTA', '17280.92241', '789295.645', '420120857.4', '27828.51854', '35841.20363', '-156.831676'),
	('31', 'ZIL', '17013.06867', '55445.54459', '936505552.5', '238.4014498', '19749.64821', '791.6870115'),
	('32', 'XTZ', '20291.38319', '17077.68408', '377419976.2', '7599.527436', '33541.8977', '858.7193782'),
	('33', 'HT', '1109.807932', '312048.6714', '672746404', '49501.2507', '43372.02925', '-534.4284687'),
	('34', 'WAVES', '14048.6826', '10063.37293', '753451628.4', '1964.595017', '40971.3786', '-80.79307234'),
	('35', 'XLM', '38802.76924', '725947.3086', '173827982.2', '41798.42362', '43683.74271', '829.3739604'),
	('36', 'BCH', '8072.232395', '302347.0668', '717461017.2', '16075.24616', '13593.06734', '198.8069679'),
	('37', 'THETA', '47686.56392', '121352.2139', '463968099.7', '11065.15486', '46974.78389', '711.6041428'),
	('38', 'YFI', '16789.97021', '604804.0615', '958740131.3', '20900.28089', '32261.22299', '-216.8560523'),
	('39', 'USDT', '35258.92207', '169248.9457', '724119613.9', '10459.04338', '21697.83187', '-368.5929629'),
	('40', 'ZRX', '48825.79696', '949101.7565', '765170496.6', '14846.67249', '17662.51314', '-76.93379802'),
	('41', 'DOGE', '21849.07905', '697805.1107', '293851013.7', '13494.37397', '22270.44526', '-775.2782263'),
	('42', 'LEO', '19671.73844', '46995.29168', '393865885.4', '8592.107371', '45964.0764', '479.96534'),
	('43', 'CRO', '23076.28939', '201211.6474', '781216896.8', '13407.10996', '34175.43405', '668.0309594'),
	('44', 'DCR', '40043.24512', '17566.08065', '938051506.3', '33980.72278', '17033.85808', '-704.5468503'),
	('45', 'ICX', '38090.96864', '687466.1183', '220786926', '30807.68988', '15515.58206', '-228.8427917'),
	('46', 'SUSHI', '982.6805096', '4169.419633', '637951188.2', '31417.186', '44754.86908', '-183.965599'),
	('47', 'MKR', '13109.10334', '136264.9062', '576337328.7', '43210.12094', '40205.6039', '519.2207506'),
	('48', 'XTZ', '13515.65231', '886675.5332', '947965348.8', '22915.66642', '28965.19908', '195.9374269'),
	('49', 'VET', '38438.16316', '808525.5537', '624775053.2', '42974.77359', '42604.07348', '-726.8900437');

-- Create the Exchange table
CREATE TABLE Exchange (
    ExchangeID INT PRIMARY KEY,
    ExchangeName VARCHAR(255),
    ExchangeType VARCHAR(255)
);

INSERT INTO Exchange (ExchangeID, ExchangeName, ExchangeType) VALUES
	('1', 'Poloniex', 'De-centralized'),
	('2', 'Binance', 'De-centralized'),
	('3', 'Huobi', 'Centralized'),
	('4', 'Binance', 'De-centralized'),
	('5', 'Bitstamp', 'De-centralized'),
	('6', 'Poloniex', 'Centralized'),
	('7', 'Bittrex', 'Centralized'),
	('8', 'Bittrex', 'Centralized'),
	('9', 'Poloniex', 'De-centralized'),
	('10', 'Bitfinex', 'De-centralized');

-- Create the Centralized_Exchange table
CREATE TABLE Centralized_Exchange (
    ExchangeID INT,
    CentralizedAPIID INT,
    PRIMARY KEY (ExchangeID),
    FOREIGN KEY (ExchangeID)
        REFERENCES Exchange (ExchangeID)
);

INSERT INTO Centralized_Exchange (ExchangeID, CentralizedAPIID) VALUES
	('3', '1231241'),
	('6', '1234312'),
	('7', '1234231'),
	('8', '1234231');

-- Create the De-centralized_Exchange table
CREATE TABLE De_centralized_Exchange (
    ExchangeID INT,
    De_centralizedAPIID INT,
    PRIMARY KEY (ExchangeID),
    FOREIGN KEY (ExchangeID)
        REFERENCES Exchange (ExchangeID)
);

INSERT INTO De_Centralized_Exchange (ExchangeID, De_centralizedAPIID) VALUES
	('1', '334541'),
	('2', '456542'),
	('4', '456544'),
	('5', '1232135'),
	('9', '1232139'),
	('10', '1231210');

-- Create the Portfolio table
CREATE TABLE Portfolio (
    PortfolioID INT PRIMARY KEY,
    UserID INT,
    FOREIGN KEY (UserID)
        REFERENCES User (UserID)
);

INSERT INTO Portfolio (PortfolioID, UserID) VALUES
	('1', '1'),
	('2', '2'),
	('3', '3'),
	('4', '4'),
	('5', '5'),
	('6', '6'),
	('7', '7'),
	('8', '8'),
	('9', '9'),
	('10', '10'),
	('11', '11'),
	('12', '12'),
	('13', '13'),
	('14', '14'),
	('15', '15'),
	('16', '16'),
	('17', '17'),
	('18', '18'),
	('19', '19'),
	('20', '20');

-- Create the Watchlist table
CREATE TABLE Watchlist (
    WatchlistID INT PRIMARY KEY,
    PortfolioID INT,
    FOREIGN KEY (PortfolioID)
        REFERENCES Portfolio (PortfolioID)
);

INSERT INTO Watchlist (WatchlistID, PortfolioID) VALUES
	('1', '5'),
	('2', '13'),
	('3', '18'),
	('4', '5'),
	('5', '2'),
	('6', '9'),
	('7', '1'),
	('8', '17'),
	('9', '16'),
	('10', '18'),
	('11', '7'),
	('12', '2'),
	('13', '15'),
	('14', '19'),
	('15', '13'),
	('16', '12'),
	('17', '16'),
	('18', '18'),
	('19', '10'),
	('20', '11'),
	('21', '12'),
	('22', '19'),
	('23', '11'),
	('24', '4'),
	('25', '12'),
	('26', '2'),
	('27', '9'),
	('28', '3'),
	('29', '3'),
	('30', '5'),
	('31', '13'),
	('32', '19'),
	('33', '15'),
	('34', '18'),
	('35', '4'),
	('36', '16'),
	('37', '6'),
	('38', '8'),
	('39', '14'),
	('40', '20');

-- Create the Transaction table
CREATE TABLE Transaction (
    TransactionID INT PRIMARY KEY,
    Price DECIMAL(10 , 2 ),
    Quantity DECIMAL(10 , 2 ),
    Date DATE,
    Time TIME,
    UserID INT,
    PortfolioID INT,
    CryptocurrencyID INT,
    Type VARCHAR(255),
    FOREIGN KEY (UserID)
        REFERENCES User (UserID),
    FOREIGN KEY (PortfolioID)
        REFERENCES Portfolio (PortfolioID),
    FOREIGN KEY (CryptocurrencyID)
        REFERENCES Cryptocurrency (CryptocurrencyID)
);

INSERT INTO Transaction (TransactionID, Price, Quantity, Date, Time, UserID, PortfolioID, CryptocurrencyID, Type) VALUES
	('1', '952.65402', '6.4384723', '2021-02-13', '06:57:18', '18', '5', '13', 'Sell'),
	('2', '2472.270678', '6.9289339', '2023-12-30', '11:18:18', '15', '9', '22', 'Buy'),
	('3', '4025.578014', '9.945910117', '2022-02-17', '06:36:55', '17', '17', '4', 'Buy'),
	('4', '4116.900764', '8.645003296', '2023-10-03', '07:27:03', '8', '16', '14', 'Buy'),
	('5', '1946.720647', '0.946582424', '2023-09-06', '20:49:43', '5', '8', '39', 'Sell'),
	('6', '4595.686497', '5.847154583', '2022-04-11', '21:54:33', '10', '16', '43', 'Buy'),
	('7', '1446.429829', '8.084305338', '2021-07-30', '06:15:38', '15', '4', '24', 'Sell'),
	('8', '1811.334455', '5.179793234', '2022-09-03', '00:51:24', '18', '4', '31', 'Buy'),
	('9', '2935.179325', '8.209753495', '2021-06-14', '18:04:46', '8', '15', '40', 'Sell'),
	('10', '2360.25537', '8.849112812', '2021-06-16', '04:42:36', '12', '15', '31', 'Buy'),
	('11', '2890.941761', '0.617991091', '2021-03-30', '16:04:34', '18', '11', '14', 'Sell'),
	('12', '669.9852373', '5.402972131', '2023-08-08', '03:43:20', '11', '6', '39', 'Buy'),
	('13', '2137.664939', '4.155521124', '2021-03-17', '07:28:35', '12', '11', '14', 'Sell'),
	('14', '4124.745817', '3.992181553', '2023-03-15', '00:51:40', '10', '10', '23', 'Sell'),
	('15', '925.4197964', '0.775256737', '2023-11-16', '17:40:08', '10', '1', '39', 'Sell'),
	('16', '3705.719484', '7.512072114', '2023-04-17', '15:46:55', '11', '4', '49', 'Buy'),
	('17', '3307.757589', '8.184533404', '2023-06-19', '02:25:00', '2', '8', '12', 'Sell'),
	('18', '1623.606071', '5.949051173', '2021-09-12', '04:01:52', '7', '8', '13', 'Buy'),
	('19', '1444.48153', '2.533635102', '2021-08-04', '18:15:07', '4', '17', '5', 'Buy'),
	('20', '2478.481144', '9.370028892', '2021-05-18', '16:30:00', '13', '2', '18', 'Sell'),
	('21', '2691.793426', '2.154701581', '2021-01-05', '16:14:58', '1', '14', '22', 'Buy'),
	('22', '4920.708765', '2.416036761', '2023-02-11', '19:52:37', '12', '6', '6', 'Sell'),
	('23', '2458.848852', '2.620007121', '2023-10-19', '14:49:35', '14', '9', '34', 'Buy'),
	('24', '3403.368323', '8.221742151', '2023-11-08', '16:24:26', '8', '1', '17', 'Buy'),
	('25', '2561.918695', '5.833181843', '2022-05-25', '09:40:08', '9', '17', '21', 'Sell'),
	('26', '2589.181989', '9.289093473', '2022-01-31', '23:38:33', '13', '8', '46', 'Buy'),
	('27', '238.4456498', '5.124011162', '2021-12-28', '21:38:03', '12', '13', '14', 'Buy'),
	('28', '4572.0545', '3.154715867', '2022-02-20', '06:36:20', '9', '19', '17', 'Sell'),
	('29', '3160.545128', '1.415470085', '2022-06-22', '09:42:17', '6', '12', '13', 'Sell'),
	('30', '3951.934914', '4.737836832', '2022-09-08', '01:10:00', '8', '10', '46', 'Buy'),
	('31', '1742.628958', '3.287666976', '2022-09-18', '03:11:06', '17', '13', '48', 'Buy'),
	('32', '2988.509509', '8.146786618', '2022-07-14', '12:01:30', '16', '7', '1', 'Buy'),
	('33', '3355.393423', '6.104403079', '2023-10-12', '07:04:01', '17', '11', '12', 'Buy'),
	('34', '3792.108283', '3.208911659', '2023-05-29', '14:49:07', '10', '2', '35', 'Buy'),
	('35', '1285.815349', '7.568006307', '2021-12-15', '22:22:09', '15', '10', '41', 'Sell'),
	('36', '371.2815404', '7.398168582', '2021-02-21', '16:57:04', '9', '3', '4', 'Sell'),
	('37', '771.0589674', '2.748396815', '2021-08-06', '00:25:48', '13', '9', '1', 'Sell'),
	('38', '3049.765671', '1.045870684', '2021-05-15', '22:38:09', '2', '15', '35', 'Buy'),
	('39', '2124.749447', '9.644835007', '2022-01-06', '04:52:06', '13', '20', '10', 'Sell'),
	('40', '2788.172189', '1.48783415', '2022-10-31', '19:06:43', '17', '20', '1', 'Buy'),
	('41', '2364.168621', '9.14682349', '2021-11-14', '02:31:31', '12', '10', '26', 'Buy'),
	('42', '2439.541715', '8.032157193', '2022-12-23', '04:53:50', '12', '4', '39', 'Sell'),
	('43', '3934.960476', '3.77734369', '2022-05-03', '17:05:28', '9', '13', '21', 'Sell'),
	('44', '2593.271576', '9.388863029', '2021-02-12', '03:55:35', '8', '5', '23', 'Sell'),
	('45', '340.1503755', '5.004018579', '2022-10-07', '18:23:48', '18', '1', '36', 'Buy'),
	('46', '3352.060271', '8.239229691', '2021-03-04', '02:57:55', '18', '2', '35', 'Sell'),
	('47', '3497.033347', '1.519008244', '2021-08-11', '15:39:56', '8', '3', '16', 'Buy'),
	('48', '2580.590284', '5.986310798', '2023-01-15', '03:52:48', '14', '7', '43', 'Sell'),
	('49', '291.2911071', '6.713607917', '2022-11-07', '18:39:10', '17', '8', '42', 'Buy'),
	('50', '3138.012456', '7.626709686', '2023-12-24', '00:28:55', '19', '19', '48', 'Buy'),
	('51', '3532.258966', '4.764620702', '2022-10-03', '02:46:27', '15', '17', '18', 'Sell'),
	('52', '4847.48802', '3.428722371', '2023-08-18', '06:50:17', '4', '6', '22', 'Buy'),
	('53', '3660.841841', '1.479473556', '2021-09-11', '21:52:21', '3', '2', '36', 'Buy'),
	('54', '1315.820642', '4.597209044', '2021-10-12', '10:26:52', '13', '14', '9', 'Buy'),
	('55', '3385.784409', '2.798050629', '2023-02-13', '04:16:38', '1', '12', '15', 'Buy'),
	('56', '4925.216254', '8.502993913', '2023-06-15', '10:36:34', '19', '8', '37', 'Buy'),
	('57', '1273.965548', '0.713480186', '2022-08-25', '23:22:38', '2', '8', '33', 'Sell'),
	('58', '2482.879984', '8.389747077', '2021-04-30', '13:55:17', '15', '13', '27', 'Sell'),
	('59', '2450.581557', '8.153121016', '2023-03-12', '09:20:44', '18', '19', '1', 'Buy'),
	('60', '4321.728466', '7.95119205', '2021-05-01', '09:30:24', '17', '13', '20', 'Buy'),
	('61', '214.5179716', '8.522189914', '2021-12-24', '12:13:47', '4', '14', '27', 'Buy'),
	('62', '1667.014234', '3.815810565', '2023-07-30', '07:29:01', '20', '17', '28', 'Sell'),
	('63', '901.9172235', '0.143503346', '2021-11-01', '05:47:21', '13', '9', '16', 'Sell'),
	('64', '1148.960568', '1.615125873', '2022-03-29', '07:32:21', '17', '6', '26', 'Sell'),
	('65', '2850.591494', '6.525027056', '2021-11-24', '22:10:10', '9', '2', '14', 'Buy'),
	('66', '3222.64545', '0.290463836', '2022-03-27', '13:19:45', '14', '20', '16', 'Buy'),
	('67', '840.0447997', '0.980903908', '2023-10-21', '03:38:35', '20', '17', '49', 'Buy'),
	('68', '2202.658587', '3.020996962', '2023-11-02', '14:09:24', '2', '19', '32', 'Sell'),
	('69', '1441.007373', '0.467634924', '2023-03-16', '11:18:31', '15', '19', '38', 'Sell'),
	('70', '2413.506268', '7.917882982', '2022-07-12', '23:00:27', '20', '6', '44', 'Sell'),
	('71', '1651.457839', '6.368847115', '2022-06-04', '03:09:07', '14', '3', '42', 'Buy'),
	('72', '822.8941423', '2.032900311', '2023-12-24', '21:11:03', '2', '2', '1', 'Buy'),
	('73', '3589.463089', '3.127293539', '2021-01-25', '01:01:26', '6', '5', '14', 'Buy'),
	('74', '3206.589545', '7.346292734', '2021-08-22', '07:00:20', '7', '18', '31', 'Sell'),
	('75', '4000.89017', '1.751866208', '2023-11-06', '08:58:32', '20', '19', '6', 'Sell'),
	('76', '4344.313157', '1.087506416', '2023-07-02', '23:10:37', '12', '3', '8', 'Sell'),
	('77', '2649.021622', '4.74700614', '2023-10-17', '17:32:12', '11', '10', '24', 'Sell'),
	('78', '4413.82157', '7.036753749', '2021-04-15', '06:19:55', '2', '10', '40', 'Sell'),
	('79', '4065.559002', '0.372921313', '2022-03-07', '02:23:42', '10', '3', '14', 'Sell'),
	('80', '3221.777346', '1.610601318', '2023-12-21', '19:29:40', '17', '5', '37', 'Sell'),
	('81', '2903.865648', '6.350573208', '2023-10-05', '14:06:34', '11', '10', '38', 'Buy'),
	('82', '840.7901775', '0.583064837', '2022-10-19', '15:57:34', '18', '7', '10', 'Buy'),
	('83', '1211.824963', '3.21696437', '2021-10-02', '00:27:50', '12', '15', '15', 'Sell'),
	('84', '2727.130613', '5.985792012', '2023-11-09', '18:54:14', '18', '10', '35', 'Buy'),
	('85', '2107.533224', '1.339577026', '2021-10-07', '21:56:15', '9', '4', '40', 'Sell'),
	('86', '858.9193277', '4.663863716', '2021-02-26', '06:13:51', '1', '3', '42', 'Buy'),
	('87', '3857.822973', '9.884651164', '2021-05-05', '23:34:48', '7', '17', '15', 'Sell'),
	('88', '3237.971609', '8.546524817', '2021-01-07', '14:17:19', '4', '6', '38', 'Sell'),
	('89', '2943.153732', '6.800489372', '2022-07-26', '00:19:02', '7', '1', '28', 'Buy'),
	('90', '1410.251367', '0.845032372', '2022-11-03', '20:34:05', '2', '11', '16', 'Sell'),
	('91', '4424.84001', '3.649034864', '2022-02-15', '21:02:39', '10', '13', '24', 'Sell'),
	('92', '483.3840026', '1.682093966', '2022-06-15', '07:51:49', '7', '5', '26', 'Sell'),
	('93', '4391.221469', '9.335616904', '2022-12-12', '19:39:01', '18', '20', '15', 'Sell'),
	('94', '3554.498366', '4.431023457', '2023-11-17', '16:16:23', '13', '15', '6', 'Sell'),
	('95', '3901.262935', '0.257696823', '2021-10-31', '20:26:36', '10', '19', '47', 'Sell'),
	('96', '1588.379572', '2.326561612', '2023-06-18', '02:08:05', '1', '3', '1', 'Buy'),
	('97', '3928.033983', '0.173747602', '2022-01-26', '10:18:38', '3', '12', '14', 'Buy'),
	('98', '4310.897637', '1.454713603', '2023-02-11', '12:22:27', '13', '14', '23', 'Sell'),
	('99', '3207.438992', '8.865334085', '2023-04-14', '02:09:24', '5', '6', '40', 'Buy'),
	('100', '3334.648361', '7.055929962', '2021-02-21', '02:21:18', '19', '15', '35', 'Sell'),
	('101', '3081.018844', '5.848316771', '2022-03-20', '06:57:18', '1', '14', '11', 'Sell'),
	('102', '3080.577426', '2.529927334', '2022-12-22', '11:18:18', '3', '14', '33', 'Sell'),
	('103', '4675.731689', '1.539019981', '2022-12-25', '06:36:55', '5', '11', '43', 'Buy'),
	('104', '4390.133392', '1.552687499', '2023-07-04', '07:27:03', '4', '10', '6', 'Sell'),
	('105', '2329.97628', '9.38917845', '2023-08-08', '20:49:43', '9', '17', '17', 'Buy'),
	('106', '4786.421022', '0.851659914', '2021-11-26', '21:54:33', '13', '20', '12', 'Sell'),
	('107', '4954.065655', '0.402462547', '2023-11-24', '06:15:38', '10', '5', '25', 'Sell'),
	('108', '1060.918472', '0.549002517', '2023-07-25', '00:51:24', '4', '18', '24', 'Buy'),
	('109', '1003.02816', '5.956623614', '2023-11-09', '18:04:46', '2', '5', '39', 'Sell'),
	('110', '149.02426', '1.61404796', '2021-09-23', '04:42:36', '17', '6', '18', 'Sell'),
	('111', '4136.852151', '2.227410392', '2022-01-01', '16:04:34', '2', '8', '16', 'Buy'),
	('112', '4754.845036', '9.380869202', '2023-12-14', '03:43:20', '9', '11', '16', 'Buy'),
	('113', '3261.180323', '3.064393059', '2022-08-12', '07:28:35', '9', '5', '46', 'Buy'),
	('114', '2793.358513', '8.773848563', '2023-11-27', '00:51:40', '6', '2', '10', 'Buy'),
	('115', '916.7467022', '9.782856304', '2022-09-16', '17:40:08', '18', '4', '1', 'Sell'),
	('116', '3227.340903', '2.185550944', '2021-07-25', '15:46:55', '1', '13', '44', 'Buy'),
	('117', '1970.585044', '2.629219834', '2022-01-28', '02:25:00', '11', '10', '5', 'Buy'),
	('118', '3394.883974', '1.071930755', '2022-08-05', '04:01:52', '13', '20', '17', 'Buy'),
	('119', '4443.82715', '1.700782161', '2021-06-10', '18:15:07', '6', '16', '46', 'Sell'),
	('120', '680.7040975', '8.768994036', '2021-06-20', '16:30:00', '4', '18', '11', 'Buy'),
	('121', '1929.93097', '3.76325959', '2022-07-21', '16:14:58', '9', '18', '15', 'Buy'),
	('122', '1899.073105', '6.4982531', '2022-02-04', '19:52:37', '1', '13', '25', 'Buy'),
	('123', '3125.911934', '4.799410352', '2023-01-29', '14:49:35', '10', '13', '10', 'Sell'),
	('124', '2842.132544', '5.575383795', '2023-10-10', '16:24:26', '20', '7', '36', 'Sell'),
	('125', '4032.507971', '7.769143177', '2021-06-20', '09:40:08', '3', '7', '27', 'Buy'),
	('126', '1171.982777', '1.356894496', '2022-03-04', '23:38:33', '14', '9', '12', 'Sell'),
	('127', '100.2499208', '3.082634248', '2023-05-07', '21:38:03', '14', '13', '11', 'Sell'),
	('128', '3155.671075', '0.988366564', '2022-12-24', '06:36:20', '10', '8', '34', 'Buy'),
	('129', '352.527611', '6.385454631', '2021-02-26', '09:42:17', '13', '14', '5', 'Sell'),
	('130', '4956.964356', '3.037300831', '2021-05-24', '01:10:00', '19', '5', '48', 'Buy'),
	('131', '532.6817186', '5.851241107', '2021-10-07', '03:11:06', '1', '1', '16', 'Buy'),
	('132', '3880.197063', '8.824822781', '2023-08-29', '12:01:30', '5', '15', '24', 'Buy'),
	('133', '581.4632264', '9.074307823', '2023-05-01', '07:04:01', '20', '7', '23', 'Buy'),
	('134', '2924.790882', '6.421420122', '2022-12-05', '14:49:07', '17', '4', '18', 'Sell'),
	('135', '3387.26936', '9.042006325', '2022-12-27', '22:22:09', '13', '13', '15', 'Sell'),
	('136', '424.6214346', '5.531296067', '2021-06-04', '16:57:04', '8', '20', '16', 'Sell'),
	('137', '1328.221082', '4.531866025', '2023-12-25', '00:25:48', '18', '2', '49', 'Buy'),
	('138', '999.1681364', '9.505092969', '2022-05-25', '22:38:09', '11', '10', '27', 'Buy'),
	('139', '590.7618465', '8.688614247', '2022-05-06', '04:52:06', '14', '12', '48', 'Sell'),
	('140', '4573.758216', '3.331350437', '2022-07-14', '19:06:43', '18', '17', '10', 'Buy'),
	('141', '257.5181299', '3.45356179', '2022-10-19', '02:31:31', '15', '13', '43', 'Sell'),
	('142', '2241.78505', '4.596229877', '2021-08-21', '04:53:50', '15', '4', '43', 'Buy'),
	('143', '811.5665429', '3.912972347', '2022-11-26', '17:05:28', '20', '5', '32', 'Buy'),
	('144', '3317.88098', '4.712133309', '2023-02-14', '03:55:35', '8', '2', '42', 'Buy'),
	('145', '1592.477948', '5.351902994', '2021-04-07', '18:23:48', '15', '17', '13', 'Buy'),
	('146', '1531.001445', '6.761955037', '2023-05-12', '02:57:55', '19', '12', '38', 'Sell'),
	('147', '3353.681085', '0.744249899', '2021-08-22', '15:39:56', '16', '15', '9', 'Buy'),
	('148', '4971.27956', '8.57977431', '2021-05-23', '03:52:48', '7', '13', '41', 'Buy'),
	('149', '3140.307883', '9.309874324', '2023-07-15', '18:39:10', '19', '2', '18', 'Sell'),
	('150', '1370.558901', '6.559091708', '2023-06-05', '00:28:55', '2', '18', '7', 'Buy'),
	('151', '1404.867478', '0.350573835', '2021-05-09', '02:46:27', '1', '14', '24', 'Sell'),
	('152', '4398.654309', '8.504890301', '2023-12-30', '06:50:17', '9', '16', '37', 'Buy'),
	('153', '4510.447456', '0.221134504', '2023-08-22', '21:52:21', '20', '7', '21', 'Buy'),
	('154', '1476.232746', '2.274945687', '2022-09-24', '10:26:52', '13', '9', '11', 'Buy'),
	('155', '524.5236281', '5.77755884', '2023-09-12', '04:16:38', '7', '14', '30', 'Sell'),
	('156', '2225.23251', '6.156197896', '2022-01-09', '10:36:34', '20', '4', '35', 'Sell'),
	('157', '467.3081938', '1.951596781', '2023-08-08', '23:22:38', '6', '7', '16', 'Buy'),
	('158', '3410.248139', '3.363598663', '2022-04-17', '13:55:17', '10', '14', '30', 'Sell'),
	('159', '2673.252473', '8.429257798', '2023-08-12', '09:20:44', '3', '2', '21', 'Buy'),
	('160', '2026.595053', '9.151263827', '2022-08-05', '09:30:24', '1', '3', '19', 'Buy'),
	('161', '1305.106266', '1.454562139', '2021-11-15', '12:13:47', '17', '5', '23', 'Sell'),
	('162', '3167.663125', '8.643192186', '2023-11-26', '07:29:01', '12', '4', '12', 'Sell'),
	('163', '1511.954044', '5.799205173', '2022-11-17', '05:47:21', '10', '9', '26', 'Buy'),
	('164', '2951.289698', '4.930282668', '2022-04-17', '07:32:21', '20', '17', '31', 'Sell'),
	('165', '3695.970862', '6.592603818', '2023-12-28', '22:10:10', '16', '18', '8', 'Sell'),
	('166', '3781.462736', '7.166691387', '2022-09-11', '13:19:45', '18', '12', '46', 'Sell'),
	('167', '2369.038762', '2.330308042', '2023-06-17', '03:38:35', '13', '4', '38', 'Buy'),
	('168', '3283.742481', '6.373072382', '2022-08-11', '14:09:24', '10', '3', '17', 'Sell'),
	('169', '4031.062838', '9.01410022', '2023-11-24', '11:18:31', '5', '18', '4', 'Sell'),
	('170', '1033.931626', '8.372716118', '2021-07-14', '23:00:27', '1', '16', '7', 'Buy'),
	('171', '2795.246506', '7.013462244', '2023-02-26', '03:09:07', '20', '14', '17', 'Sell'),
	('172', '3326.938562', '7.430452305', '2021-01-26', '21:11:03', '13', '15', '27', 'Sell'),
	('173', '3068.862977', '6.968143171', '2022-12-09', '01:01:26', '9', '16', '25', 'Sell'),
	('174', '4112.974622', '0.860835092', '2021-12-18', '07:00:20', '19', '17', '18', 'Sell'),
	('175', '2717.343921', '5.094596422', '2021-05-28', '08:58:32', '17', '1', '39', 'Sell'),
	('176', '4311.258736', '1.777599009', '2022-03-04', '23:10:37', '11', '4', '31', 'Buy'),
	('177', '4750.150161', '1.89647461', '2021-08-08', '17:32:12', '1', '3', '46', 'Buy'),
	('178', '1778.080786', '0.950760117', '2023-11-11', '06:19:55', '2', '19', '41', 'Sell'),
	('179', '1674.226082', '9.336439465', '2023-03-01', '02:23:42', '11', '18', '30', 'Sell'),
	('180', '4716.826789', '3.074940906', '2021-10-22', '19:29:40', '10', '6', '10', 'Buy'),
	('181', '4989.815173', '1.003049538', '2023-11-13', '14:06:34', '11', '17', '9', 'Sell'),
	('182', '1895.96454', '3.717498298', '2021-10-22', '15:57:34', '8', '3', '4', 'Sell'),
	('183', '2596.27801', '8.457373224', '2023-11-30', '00:27:50', '3', '4', '48', 'Buy'),
	('184', '3484.248563', '3.133728146', '2022-10-27', '18:54:14', '4', '17', '20', 'Buy'),
	('185', '1425.983464', '3.852494151', '2022-08-24', '21:56:15', '3', '6', '27', 'Buy'),
	('186', '3156.11768', '4.29790414', '2022-06-29', '06:13:51', '19', '19', '33', 'Sell'),
	('187', '1082.149448', '5.317466873', '2023-01-18', '23:34:48', '18', '1', '9', 'Buy'),
	('188', '1779.817116', '0.932749745', '2021-07-19', '14:17:19', '9', '13', '31', 'Sell'),
	('189', '4685.596618', '0.667814111', '2022-02-18', '00:19:02', '18', '17', '44', 'Buy'),
	('190', '3114.782745', '8.832069117', '2022-02-05', '20:34:05', '8', '19', '44', 'Buy'),
	('191', '397.867128', '2.254250735', '2022-09-09', '21:02:39', '20', '13', '15', 'Buy'),
	('192', '1942.648279', '4.359212036', '2021-03-06', '07:51:49', '10', '7', '26', 'Sell'),
	('193', '1335.404601', '8.432014952', '2023-08-11', '19:39:01', '5', '3', '2', 'Buy'),
	('194', '86.73152315', '3.073046881', '2022-06-10', '16:16:23', '8', '16', '6', 'Sell'),
	('195', '4989.944439', '5.920421443', '2021-08-17', '20:26:36', '16', '2', '35', 'Sell'),
	('196', '822.3892086', '7.350470134', '2022-01-24', '02:08:05', '7', '19', '25', 'Buy'),
	('197', '3475.553958', '5.130479117', '2023-07-16', '10:18:38', '9', '5', '41', 'Buy'),
	('198', '3826.379256', '2.343841884', '2022-08-20', '12:22:27', '16', '4', '34', 'Buy'),
	('199', '4669.681473', '2.353902483', '2021-09-16', '02:09:24', '9', '13', '46', 'Buy'),
	('200', '4378.179587', '7.475267806', '2021-06-21', '02:21:18', '7', '8', '38', 'Sell'),
	('201', '1625.951599', '6.338397061', '2021-09-17', '06:57:18', '11', '15', '15', 'Sell'),
	('202', '2170.11392', '6.556452224', '2023-01-26', '11:18:18', '16', '2', '34', 'Sell'),
	('203', '3715.485471', '8.31992899', '2021-01-24', '06:36:55', '10', '14', '28', 'Buy'),
	('204', '3788.783493', '6.243687321', '2021-11-13', '07:27:03', '13', '5', '10', 'Buy'),
	('205', '4139.152198', '3.830875868', '2023-06-01', '20:49:43', '4', '7', '22', 'Buy'),
	('206', '428.7104974', '7.76980606', '2022-12-31', '21:54:33', '13', '18', '27', 'Sell'),
	('207', '764.1095685', '0.749794117', '2023-09-08', '06:15:38', '12', '14', '5', 'Buy'),
	('208', '2888.481561', '6.502039305', '2023-12-24', '00:51:24', '8', '19', '11', 'Buy'),
	('209', '57.82969', '9.603655054', '2022-03-20', '18:04:46', '20', '19', '36', 'Sell'),
	('210', '2712.850756', '4.501930721', '2021-12-31', '04:42:36', '9', '18', '11', 'Sell'),
	('211', '4484.768328', '0.305979444', '2021-10-25', '16:04:34', '20', '6', '39', 'Sell'),
	('212', '545.2972941', '8.265982575', '2023-06-04', '03:43:20', '16', '5', '40', 'Buy'),
	('213', '2132.595322', '5.032140458', '2023-11-06', '07:28:35', '18', '4', '22', 'Buy'),
	('214', '4410.278254', '8.031300621', '2022-02-23', '00:51:40', '16', '11', '21', 'Buy'),
	('215', '823.567726', '5.958573336', '2022-04-17', '17:40:08', '20', '3', '2', 'Sell'),
	('216', '3092.174271', '0.299692307', '2023-11-12', '15:46:55', '20', '6', '18', 'Buy'),
	('217', '521.4037535', '9.539592637', '2021-06-29', '02:25:00', '16', '8', '5', 'Sell'),
	('218', '1406.35216', '2.140409247', '2023-10-01', '04:01:52', '18', '8', '26', 'Buy'),
	('219', '226.0732977', '9.561370363', '2022-05-31', '18:15:07', '17', '19', '47', 'Buy'),
	('220', '3134.575798', '0.930393074', '2021-02-10', '16:30:00', '18', '5', '10', 'Sell'),
	('221', '3721.964371', '0.774887659', '2022-11-12', '16:14:58', '12', '16', '20', 'Buy'),
	('222', '2250.740065', '1.624302087', '2023-06-27', '19:52:37', '10', '15', '22', 'Buy'),
	('223', '3198.250212', '8.003436142', '2021-03-19', '14:49:35', '13', '9', '10', 'Sell'),
	('224', '112.6208572', '7.638085496', '2021-01-11', '16:24:26', '18', '10', '46', 'Sell'),
	('225', '1704.441737', '5.306908951', '2023-06-16', '09:40:08', '7', '6', '38', 'Sell'),
	('226', '1099.657345', '4.669307597', '2022-04-03', '23:38:33', '3', '19', '39', 'Buy'),
	('227', '4226.112293', '4.82673374', '2022-02-27', '21:38:03', '7', '13', '8', 'Buy'),
	('228', '1369.72657', '4.444465888', '2022-05-31', '06:36:20', '16', '19', '9', 'Sell'),
	('229', '1052.834146', '5.609326377', '2021-11-15', '09:42:17', '4', '16', '31', 'Buy'),
	('230', '947.5222971', '0.228955319', '2023-08-19', '01:10:00', '6', '3', '8', 'Sell'),
	('231', '236.0388463', '5.251662141', '2021-07-09', '03:11:06', '3', '12', '35', 'Buy'),
	('232', '3116.441648', '9.212920876', '2023-02-21', '12:01:30', '7', '12', '14', 'Buy'),
	('233', '4008.655464', '4.419149399', '2023-02-03', '07:04:01', '4', '3', '48', 'Sell'),
	('234', '2523.507829', '0.796473313', '2021-10-10', '14:49:07', '14', '9', '16', 'Sell'),
	('235', '125.7210294', '7.856353135', '2023-08-27', '22:22:09', '18', '10', '39', 'Buy'),
	('236', '3476.148945', '7.58984356', '2023-06-01', '16:57:04', '8', '4', '38', 'Sell'),
	('237', '2046.628486', '2.239613569', '2021-06-21', '00:25:48', '1', '13', '3', 'Buy'),
	('238', '4112.747117', '7.900246396', '2022-04-29', '22:38:09', '6', '20', '29', 'Sell'),
	('239', '3141.628951', '6.625595998', '2022-03-03', '04:52:06', '12', '4', '7', 'Buy'),
	('240', '2618.580455', '5.765001996', '2022-01-15', '19:06:43', '6', '17', '37', 'Buy'),
	('241', '460.280862', '4.546103171', '2023-03-05', '02:31:31', '5', '12', '46', 'Buy'),
	('242', '3077.488052', '7.024139978', '2021-01-17', '04:53:50', '8', '15', '35', 'Buy'),
	('243', '1647.190385', '2.356421896', '2023-01-03', '17:05:28', '4', '5', '26', 'Sell'),
	('244', '460.9576674', '3.493040057', '2022-10-28', '03:55:35', '8', '2', '9', 'Buy'),
	('245', '4685.962792', '9.529365048', '2023-08-24', '18:23:48', '11', '17', '19', 'Buy'),
	('246', '2493.596704', '0.257832573', '2021-05-18', '02:57:55', '7', '1', '27', 'Sell'),
	('247', '378.7989274', '4.041343088', '2022-03-25', '15:39:56', '5', '8', '11', 'Buy'),
	('248', '1945.327118', '6.257843768', '2021-04-28', '03:52:48', '2', '1', '26', 'Buy'),
	('249', '207.0200209', '8.91343767', '2021-12-03', '18:39:10', '16', '9', '28', 'Sell'),
	('250', '2670.310476', '0.19383333', '2021-04-26', '00:28:55', '5', '17', '17', 'Buy'),
	('251', '710.5364745', '9.399776762', '2023-08-07', '02:46:27', '10', '4', '29', 'Buy'),
	('252', '3970.648224', '4.764073254', '2022-07-26', '06:50:17', '18', '20', '11', 'Buy'),
	('253', '1860.28778', '5.35800153', '2021-09-16', '21:52:21', '16', '10', '29', 'Buy'),
	('254', '3678.939217', '9.989238852', '2022-12-27', '10:26:52', '9', '1', '35', 'Sell'),
	('255', '1223.296868', '5.550910146', '2021-09-28', '04:16:38', '3', '4', '4', 'Sell'),
	('256', '720.681452', '7.49981965', '2023-05-08', '10:36:34', '5', '17', '7', 'Sell'),
	('257', '2475.275774', '4.208132295', '2021-01-29', '23:22:38', '6', '9', '45', 'Buy'),
	('258', '2611.06949', '0.502084185', '2022-10-29', '13:55:17', '4', '9', '17', 'Sell'),
	('259', '4392.125362', '1.615539341', '2022-09-06', '09:20:44', '2', '7', '48', 'Buy'),
	('260', '551.8165727', '2.990874356', '2022-03-19', '09:30:24', '13', '6', '43', 'Sell'),
	('261', '3780.814554', '8.17518321', '2023-06-29', '12:13:47', '7', '19', '49', 'Buy'),
	('262', '2130.226766', '6.655363674', '2023-12-03', '07:29:01', '11', '19', '10', 'Buy'),
	('263', '2230.938602', '5.13495131', '2023-05-27', '05:47:21', '8', '3', '9', 'Sell'),
	('264', '2702.980214', '0.689762528', '2021-03-04', '07:32:21', '14', '4', '12', 'Buy'),
	('265', '3415.944751', '8.590607712', '2022-04-11', '22:10:10', '19', '6', '33', 'Buy'),
	('266', '1574.02589', '0.674703121', '2021-12-14', '13:19:45', '8', '16', '28', 'Buy'),
	('267', '4673.867827', '5.937242549', '2021-10-03', '03:38:35', '6', '6', '32', 'Buy'),
	('268', '2421.628995', '0.376813099', '2021-11-22', '14:09:24', '6', '13', '17', 'Buy'),
	('269', '1460.984467', '9.494271785', '2023-10-07', '11:18:31', '14', '17', '30', 'Sell'),
	('270', '3062.413764', '4.685038478', '2021-06-23', '23:00:27', '12', '13', '9', 'Buy'),
	('271', '992.6400211', '8.57247441', '2023-12-05', '03:09:07', '1', '8', '2', 'Buy'),
	('272', '1349.655917', '9.069671322', '2023-05-28', '21:11:03', '8', '3', '40', 'Sell'),
	('273', '1625.149145', '8.905809332', '2023-04-29', '01:01:26', '18', '14', '10', 'Buy'),
	('274', '926.4230478', '0.237915783', '2021-05-05', '07:00:20', '7', '5', '20', 'Buy'),
	('275', '1416.013808', '9.490649284', '2022-08-08', '08:58:32', '20', '10', '30', 'Buy'),
	('276', '4424.917809', '4.679165774', '2023-02-06', '23:10:37', '12', '19', '11', 'Buy'),
	('277', '797.063137', '9.318102112', '2021-01-17', '17:32:12', '12', '6', '28', 'Buy'),
	('278', '1438.689043', '0.159580142', '2022-11-29', '06:19:55', '8', '19', '18', 'Sell'),
	('279', '2996.869339', '5.688692162', '2023-10-04', '02:23:42', '7', '15', '23', 'Buy'),
	('280', '2289.531209', '8.059732195', '2022-09-08', '19:29:40', '12', '17', '13', 'Sell'),
	('281', '117.6597336', '4.225281176', '2021-01-08', '14:06:34', '18', '5', '29', 'Buy'),
	('282', '3306.323472', '0.174042797', '2023-05-21', '15:57:34', '18', '11', '19', 'Sell'),
	('283', '4861.32616', '0.405971861', '2023-07-31', '00:27:50', '15', '1', '20', 'Sell'),
	('284', '4799.994184', '6.332120977', '2023-06-30', '18:54:14', '10', '2', '35', 'Sell'),
	('285', '2343.350237', '1.801330622', '2022-04-06', '21:56:15', '1', '9', '16', 'Sell'),
	('286', '893.85298', '7.184832795', '2023-04-01', '06:13:51', '10', '20', '22', 'Buy'),
	('287', '1756.063292', '4.136378844', '2021-03-31', '23:34:48', '2', '3', '6', 'Buy'),
	('288', '4941.65222', '5.819530462', '2022-03-14', '14:17:19', '7', '12', '11', 'Buy'),
	('289', '2118.258769', '0.1675877', '2023-01-20', '00:19:02', '1', '4', '11', 'Sell'),
	('290', '1289.16509', '4.404682821', '2023-08-06', '20:34:05', '7', '11', '48', 'Sell'),
	('291', '3214.483591', '0.57411646', '2023-07-02', '21:02:39', '4', '20', '48', 'Buy'),
	('292', '4448.807866', '5.858791139', '2022-12-09', '07:51:49', '15', '13', '8', 'Sell'),
	('293', '1250.75835', '6.026557093', '2021-07-21', '19:39:01', '11', '11', '45', 'Sell'),
	('294', '654.2896048', '6.956133191', '2022-11-19', '16:16:23', '11', '6', '42', 'Buy'),
	('295', '741.6350726', '1.664191538', '2022-02-25', '20:26:36', '14', '12', '47', 'Sell'),
	('296', '3069.899597', '7.3861335', '2022-03-20', '02:08:05', '6', '14', '49', 'Sell'),
	('297', '1814.417268', '5.583034202', '2023-04-23', '10:18:38', '16', '8', '24', 'Buy'),
	('298', '2670.275893', '4.210322237', '2022-05-29', '12:22:27', '3', '19', '1', 'Buy'),
	('299', '2450.527774', '6.0853791', '2021-04-18', '02:09:24', '3', '3', '3', 'Buy'),
	('300', '4420.582271', '3.157731105', '2021-05-12', '02:21:18', '5', '4', '15', 'Buy'),
	('301', '374.4071638', '9.683443636', '2021-12-19', '06:57:18', '19', '1', '18', 'Buy'),
	('302', '2961.857433', '5.306271391', '2021-10-25', '11:18:18', '8', '2', '7', 'Sell'),
	('303', '2754.611628', '3.042557864', '2022-12-28', '06:36:55', '16', '12', '43', 'Sell'),
	('304', '1890.483362', '0.523721246', '2021-10-24', '07:27:03', '18', '1', '34', 'Sell'),
	('305', '2780.076636', '9.091250398', '2022-11-08', '20:49:43', '16', '12', '8', 'Sell'),
	('306', '1022.01976', '8.711969312', '2021-04-05', '21:54:33', '13', '9', '36', 'Sell'),
	('307', '4490.863733', '4.775215809', '2022-07-16', '06:15:38', '20', '16', '2', 'Sell'),
	('308', '2513.415332', '6.020024383', '2021-03-11', '00:51:24', '13', '17', '45', 'Buy'),
	('309', '4008.393223', '8.963313006', '2021-06-06', '18:04:46', '9', '17', '20', 'Buy'),
	('310', '2718.153352', '8.655247706', '2023-02-27', '04:42:36', '10', '1', '3', 'Buy'),
	('311', '652.2620266', '7.534903118', '2023-04-10', '16:04:34', '14', '8', '45', 'Buy'),
	('312', '3784.341053', '6.504771525', '2022-09-14', '03:43:20', '11', '13', '15', 'Buy'),
	('313', '522.2720591', '7.603773902', '2022-10-23', '07:28:35', '20', '9', '44', 'Sell'),
	('314', '54.00704957', '0.12768125', '2022-10-13', '00:51:40', '13', '20', '19', 'Buy'),
	('315', '4627.876294', '3.228230994', '2023-10-20', '17:40:08', '9', '17', '8', 'Buy'),
	('316', '3705.91087', '5.803194354', '2022-12-21', '15:46:55', '4', '17', '1', 'Buy'),
	('317', '2944.630004', '5.034138077', '2022-07-29', '02:25:00', '12', '14', '47', 'Sell'),
	('318', '1064.647682', '9.91766869', '2023-07-01', '04:01:52', '10', '1', '33', 'Sell'),
	('319', '4232.597434', '1.89306588', '2023-01-08', '18:15:07', '13', '1', '46', 'Sell'),
	('320', '428.2179969', '6.197518036', '2022-05-28', '16:30:00', '8', '6', '30', 'Sell'),
	('321', '3825.705771', '2.001942211', '2023-07-19', '16:14:58', '5', '1', '28', 'Buy'),
	('322', '3951.51017', '7.748112189', '2022-02-24', '19:52:37', '16', '17', '4', 'Sell'),
	('323', '290.51233', '6.137317006', '2022-09-25', '14:49:35', '16', '9', '4', 'Sell'),
	('324', '4940.871498', '4.606230793', '2023-10-05', '16:24:26', '6', '10', '3', 'Buy'),
	('325', '1163.549735', '4.829670195', '2022-07-18', '09:40:08', '19', '8', '46', 'Sell'),
	('326', '870.5311834', '8.502573537', '2023-11-14', '23:38:33', '9', '15', '13', 'Buy'),
	('327', '202.9637157', '1.334449049', '2022-03-28', '21:38:03', '14', '7', '22', 'Buy'),
	('328', '1554.234386', '7.25193114', '2023-10-02', '06:36:20', '7', '19', '30', 'Buy'),
	('329', '3648.670371', '1.326623938', '2021-04-28', '09:42:17', '11', '11', '24', 'Sell'),
	('330', '4562.72616', '7.181908428', '2023-11-13', '01:10:00', '8', '1', '35', 'Buy'),
	('331', '2220.696012', '3.816797799', '2021-01-20', '03:11:06', '8', '1', '21', 'Sell'),
	('332', '3269.565665', '6.373392032', '2023-02-23', '12:01:30', '3', '1', '38', 'Buy'),
	('333', '2716.894191', '0.567732524', '2023-05-01', '07:04:01', '2', '2', '35', 'Buy'),
	('334', '1812.334966', '5.647169514', '2023-05-22', '14:49:07', '19', '20', '44', 'Sell'),
	('335', '4198.544595', '8.956026118', '2022-07-03', '22:22:09', '18', '13', '37', 'Buy'),
	('336', '3501.031413', '1.089487585', '2021-09-29', '16:57:04', '18', '11', '11', 'Sell'),
	('337', '626.7576826', '6.176852212', '2023-11-11', '00:25:48', '17', '1', '7', 'Sell'),
	('338', '1945.372749', '8.633838887', '2023-11-21', '22:38:09', '12', '19', '24', 'Sell'),
	('339', '2148.98176', '7.033890617', '2021-08-28', '04:52:06', '7', '15', '14', 'Buy'),
	('340', '4702.230469', '3.795276637', '2023-05-25', '19:06:43', '10', '12', '5', 'Buy'),
	('341', '1739.849961', '5.014375585', '2023-03-20', '02:31:31', '7', '19', '33', 'Buy'),
	('342', '3924.179928', '4.770521774', '2021-07-20', '04:53:50', '20', '19', '15', 'Buy'),
	('343', '3996.055166', '9.667879465', '2021-12-28', '17:05:28', '1', '3', '20', 'Buy'),
	('344', '1088.625149', '4.513223986', '2021-11-25', '03:55:35', '11', '13', '4', 'Buy'),
	('345', '389.1872849', '2.318665044', '2023-06-09', '18:23:48', '17', '8', '16', 'Buy'),
	('346', '1537.734381', '9.845103788', '2022-04-13', '02:57:55', '10', '5', '4', 'Sell'),
	('347', '3743.336688', '0.139964835', '2022-04-04', '15:39:56', '4', '3', '7', 'Buy'),
	('348', '1706.620643', '8.353611962', '2022-11-26', '03:52:48', '18', '13', '7', 'Sell'),
	('349', '498.9970772', '2.42888653', '2023-10-13', '18:39:10', '17', '5', '41', 'Buy'),
	('350', '3160.180595', '0.689777819', '2023-02-18', '00:28:55', '6', '1', '2', 'Sell'),
	('351', '3710.51502', '8.012601173', '2023-05-28', '02:46:27', '20', '3', '3', 'Sell'),
	('352', '2697.838576', '4.967788014', '2023-08-28', '06:50:17', '13', '3', '42', 'Sell'),
	('353', '322.1090422', '1.549152198', '2022-06-16', '21:52:21', '19', '2', '23', 'Sell'),
	('354', '2189.850272', '6.157113052', '2022-10-07', '10:26:52', '5', '19', '3', 'Sell'),
	('355', '4319.178091', '5.42738166', '2023-09-13', '04:16:38', '18', '7', '46', 'Buy'),
	('356', '1949.054832', '5.109446981', '2023-01-08', '10:36:34', '4', '5', '19', 'Sell'),
	('357', '121.4431073', '6.013272437', '2021-01-10', '23:22:38', '17', '4', '48', 'Sell'),
	('358', '2372.715319', '2.023302279', '2022-11-30', '13:55:17', '14', '9', '40', 'Buy'),
	('359', '268.4103658', '1.580788157', '2023-01-05', '09:20:44', '13', '12', '13', 'Sell'),
	('360', '1033.199422', '9.082674134', '2021-12-03', '09:30:24', '3', '10', '33', 'Buy'),
	('361', '206.1141006', '2.226830557', '2021-08-17', '12:13:47', '20', '17', '3', 'Buy'),
	('362', '1248.488051', '3.736076402', '2021-01-11', '07:29:01', '10', '3', '15', 'Buy'),
	('363', '1732.91519', '2.165850476', '2021-02-17', '05:47:21', '19', '4', '34', 'Sell'),
	('364', '1093.697882', '7.189764329', '2022-11-19', '07:32:21', '19', '17', '21', 'Sell'),
	('365', '4420.210752', '2.650053572', '2021-09-24', '22:10:10', '18', '8', '47', 'Sell'),
	('366', '3836.313193', '3.490476543', '2023-09-09', '13:19:45', '14', '6', '6', 'Sell'),
	('367', '4511.08916', '8.870653479', '2022-04-22', '03:38:35', '10', '4', '32', 'Buy'),
	('368', '4220.536836', '2.039744202', '2022-11-02', '14:09:24', '1', '17', '17', 'Buy'),
	('369', '2193.237781', '4.968523808', '2021-07-15', '11:18:31', '13', '8', '39', 'Sell'),
	('370', '2056.737737', '2.470999478', '2021-06-23', '23:00:27', '20', '17', '30', 'Buy'),
	('371', '1681.002393', '7.328070581', '2022-12-02', '03:09:07', '19', '2', '43', 'Sell'),
	('372', '3612.768215', '0.707771844', '2021-03-29', '21:11:03', '14', '2', '7', 'Buy'),
	('373', '596.4086495', '5.640794836', '2023-07-06', '01:01:26', '10', '13', '49', 'Buy'),
	('374', '2874.232135', '4.263127733', '2023-10-06', '07:00:20', '9', '7', '28', 'Sell'),
	('375', '4799.16793', '2.905522439', '2023-09-02', '08:58:32', '19', '20', '41', 'Buy'),
	('376', '2750.045073', '5.804080374', '2021-12-20', '23:10:37', '2', '8', '32', 'Buy'),
	('377', '2590.08976', '7.30325424', '2022-05-23', '17:32:12', '12', '14', '15', 'Buy'),
	('378', '4508.66713', '2.549773725', '2023-01-28', '06:19:55', '7', '19', '45', 'Sell'),
	('379', '447.9253109', '3.283197634', '2023-08-24', '02:23:42', '20', '11', '14', 'Sell'),
	('380', '3539.254218', '0.993171057', '2022-10-18', '19:29:40', '16', '14', '41', 'Buy'),
	('381', '1072.519238', '4.129593795', '2021-05-16', '14:06:34', '16', '13', '6', 'Buy'),
	('382', '1928.785286', '5.639579896', '2023-02-12', '15:57:34', '16', '9', '35', 'Buy'),
	('383', '2525.260948', '9.998710787', '2022-04-13', '00:27:50', '14', '11', '29', 'Sell'),
	('384', '1116.621161', '1.289308169', '2022-03-19', '18:54:14', '19', '10', '46', 'Sell'),
	('385', '1717.551278', '2.670223619', '2023-04-20', '21:56:15', '14', '9', '25', 'Buy'),
	('386', '1000.055816', '4.206260379', '2023-10-10', '06:13:51', '5', '12', '46', 'Buy'),
	('387', '310.6164513', '1.456297273', '2023-06-30', '23:34:48', '17', '15', '9', 'Buy'),
	('388', '1692.993418', '2.613485886', '2021-07-20', '14:17:19', '16', '12', '32', 'Sell'),
	('389', '3951.272171', '1.385770002', '2022-10-28', '00:19:02', '9', '16', '30', 'Sell'),
	('390', '4011.872317', '2.980404856', '2021-04-01', '20:34:05', '11', '3', '42', 'Sell'),
	('391', '2247.495743', '0.63040249', '2021-10-11', '21:02:39', '20', '7', '15', 'Buy'),
	('392', '4585.254392', '1.982379909', '2021-08-15', '07:51:49', '7', '3', '8', 'Sell'),
	('393', '2741.509859', '7.730759607', '2021-05-22', '19:39:01', '11', '2', '28', 'Sell'),
	('394', '4924.019357', '5.804218813', '2021-07-12', '16:16:23', '5', '18', '48', 'Buy'),
	('395', '1204.948521', '7.279502402', '2021-08-02', '20:26:36', '13', '18', '38', 'Buy'),
	('396', '2048.273655', '1.912515195', '2022-04-05', '02:08:05', '5', '6', '20', 'Buy'),
	('397', '687.7070958', '1.715955617', '2022-12-23', '10:18:38', '19', '9', '45', 'Buy'),
	('398', '812.2704587', '7.670420692', '2021-06-06', '12:22:27', '12', '8', '41', 'Buy'),
	('399', '1733.011882', '6.999770592', '2023-08-19', '02:09:24', '1', '5', '7', 'Sell'),
	('400', '1631.937335', '7.724482695', '2021-05-30', '02:21:18', '9', '18', '47', 'Buy'),
	('401', '3704.156678', '1.603707324', '2021-03-23', '06:57:18', '12', '10', '10', 'Buy'),
	('402', '2657.648186', '5.839325203', '2023-08-14', '11:18:18', '5', '10', '49', 'Buy'),
	('403', '1720.773242', '4.395689175', '2022-08-13', '06:36:55', '9', '12', '42', 'Sell'),
	('404', '3004.566798', '2.765737315', '2021-09-08', '07:27:03', '14', '14', '33', 'Sell'),
	('405', '3729.542882', '7.885768672', '2021-10-28', '20:49:43', '14', '20', '3', 'Buy'),
	('406', '4905.864286', '6.626421502', '2023-09-30', '21:54:33', '9', '4', '2', 'Sell'),
	('407', '3649.293387', '7.282802643', '2023-02-19', '06:15:38', '17', '18', '1', 'Buy'),
	('408', '3163.263654', '6.521116678', '2022-01-27', '00:51:24', '8', '18', '27', 'Sell'),
	('409', '4278.130798', '8.246916681', '2022-05-04', '18:04:46', '1', '6', '5', 'Buy'),
	('410', '80.97809124', '7.928967913', '2023-11-29', '04:42:36', '7', '3', '17', 'Buy'),
	('411', '1180.501128', '7.279006292', '2023-05-13', '16:04:34', '2', '6', '27', 'Buy'),
	('412', '4491.346567', '4.17146063', '2021-07-29', '03:43:20', '19', '15', '22', 'Sell'),
	('413', '138.761578', '9.707006717', '2023-05-07', '07:28:35', '3', '19', '48', 'Buy'),
	('414', '4742.602436', '9.389113837', '2023-05-29', '00:51:40', '20', '20', '30', 'Buy'),
	('415', '2113.158833', '9.324005386', '2021-05-30', '17:40:08', '14', '5', '48', 'Sell'),
	('416', '4505.137493', '9.162522913', '2023-02-27', '15:46:55', '3', '2', '35', 'Buy'),
	('417', '391.4745678', '4.447542541', '2022-11-20', '02:25:00', '18', '9', '23', 'Sell'),
	('418', '204.0571924', '3.812015318', '2021-11-28', '04:01:52', '2', '11', '48', 'Sell'),
	('419', '4300.306309', '7.640923525', '2021-10-30', '18:15:07', '9', '19', '39', 'Sell'),
	('420', '138.360427', '7.633970613', '2022-06-22', '16:30:00', '14', '1', '4', 'Buy'),
	('421', '2730.600266', '0.857601684', '2022-12-22', '16:14:58', '14', '1', '17', 'Sell'),
	('422', '2041.151257', '0.781061595', '2022-01-13', '19:52:37', '18', '13', '27', 'Buy'),
	('423', '1392.216665', '6.067189538', '2021-05-09', '14:49:35', '9', '4', '8', 'Sell'),
	('424', '394.017947', '3.026515163', '2021-07-19', '16:24:26', '20', '19', '44', 'Sell'),
	('425', '949.5999588', '0.595245353', '2022-01-18', '09:40:08', '9', '1', '28', 'Sell'),
	('426', '3114.539594', '9.432936894', '2022-04-07', '23:38:33', '17', '1', '21', 'Sell'),
	('427', '2422.796733', '1.724049369', '2022-12-31', '21:38:03', '8', '13', '41', 'Sell'),
	('428', '601.9857954', '6.173589425', '2021-07-06', '06:36:20', '6', '5', '26', 'Sell'),
	('429', '4616.575193', '9.221040479', '2022-03-19', '09:42:17', '5', '8', '6', 'Sell'),
	('430', '3455.300925', '0.756845437', '2021-02-16', '01:10:00', '18', '18', '32', 'Buy'),
	('431', '3451.43184', '7.279642931', '2023-10-22', '03:11:06', '19', '2', '7', 'Buy'),
	('432', '3684.004254', '9.077946706', '2023-09-13', '12:01:30', '20', '8', '39', 'Sell'),
	('433', '4015.734118', '5.146581667', '2022-10-15', '07:04:01', '11', '19', '24', 'Buy'),
	('434', '4200.107149', '8.255389527', '2022-12-31', '14:49:07', '16', '16', '48', 'Sell'),
	('435', '4200.752104', '2.808884262', '2023-06-28', '22:22:09', '14', '3', '25', 'Sell'),
	('436', '3885.389114', '3.546039046', '2023-09-16', '16:57:04', '17', '6', '46', 'Buy'),
	('437', '3900.488423', '7.765198144', '2021-06-14', '00:25:48', '10', '10', '40', 'Sell'),
	('438', '3288.550627', '6.702690315', '2023-12-14', '22:38:09', '19', '7', '40', 'Buy'),
	('439', '1074.799452', '5.091558978', '2023-08-23', '04:52:06', '17', '17', '35', 'Buy'),
	('440', '78.63315079', '6.388788639', '2021-01-04', '19:06:43', '5', '9', '26', 'Sell'),
	('441', '3951.741929', '5.611899155', '2022-02-12', '02:31:31', '6', '16', '13', 'Sell'),
	('442', '1580.956859', '8.843118338', '2022-03-30', '04:53:50', '18', '12', '31', 'Buy'),
	('443', '3096.48427', '7.618520807', '2021-04-02', '17:05:28', '14', '11', '36', 'Sell'),
	('444', '457.1986581', '8.29232668', '2022-08-05', '03:55:35', '19', '14', '39', 'Buy'),
	('445', '1220.372519', '8.202910568', '2021-01-30', '18:23:48', '3', '10', '38', 'Sell'),
	('446', '748.458664', '4.90259176', '2023-11-18', '02:57:55', '16', '9', '15', 'Buy'),
	('447', '4367.187303', '8.50025427', '2023-12-22', '15:39:56', '4', '15', '29', 'Sell'),
	('448', '3350.384106', '0.948133214', '2022-10-21', '03:52:48', '14', '7', '26', 'Sell'),
	('449', '1316.588014', '9.702674687', '2022-07-01', '18:39:10', '10', '10', '26', 'Sell'),
	('450', '656.6244433', '0.519694188', '2023-03-05', '00:28:55', '14', '19', '49', 'Sell'),
	('451', '3225.940188', '8.344000781', '2023-11-28', '02:46:27', '18', '3', '49', 'Sell'),
	('452', '2667.12243', '0.185293622', '2021-10-01', '06:50:17', '5', '9', '11', 'Sell'),
	('453', '3930.879713', '4.699845623', '2022-06-19', '21:52:21', '1', '1', '1', 'Sell'),
	('454', '1641.030048', '2.373296217', '2021-09-17', '10:26:52', '14', '6', '40', 'Buy'),
	('455', '2306.011124', '1.254908288', '2022-06-25', '04:16:38', '17', '4', '18', 'Buy'),
	('456', '180.9410556', '9.868204298', '2022-05-23', '10:36:34', '8', '9', '23', 'Buy'),
	('457', '3472.620866', '5.817958665', '2022-08-26', '23:22:38', '10', '12', '33', 'Buy'),
	('458', '3305.599928', '9.831179727', '2021-06-19', '13:55:17', '5', '10', '17', 'Sell'),
	('459', '4634.407029', '8.002087052', '2022-03-17', '09:20:44', '11', '3', '30', 'Buy'),
	('460', '1669.180706', '6.329571953', '2021-02-23', '09:30:24', '10', '10', '11', 'Buy'),
	('461', '990.4370655', '5.903275494', '2023-10-01', '12:13:47', '5', '2', '24', 'Sell'),
	('462', '4665.951823', '7.520254356', '2022-11-07', '07:29:01', '16', '6', '27', 'Buy'),
	('463', '4863.343666', '7.994455212', '2023-01-20', '05:47:21', '15', '20', '14', 'Buy'),
	('464', '3228.97221', '6.581739585', '2022-11-13', '07:32:21', '13', '16', '38', 'Sell'),
	('465', '201.9365335', '7.797959984', '2022-04-21', '22:10:10', '15', '15', '24', 'Buy'),
	('466', '1662.816139', '7.426755005', '2022-05-18', '13:19:45', '4', '6', '4', 'Buy'),
	('467', '1949.462915', '9.249724324', '2022-12-04', '03:38:35', '5', '15', '32', 'Buy'),
	('468', '3384.10119', '9.174940484', '2021-06-29', '14:09:24', '4', '4', '36', 'Sell'),
	('469', '1541.897369', '3.665442952', '2021-08-25', '11:18:31', '17', '3', '44', 'Sell'),
	('470', '1065.231449', '1.456350414', '2023-12-26', '23:00:27', '7', '18', '22', 'Sell'),
	('471', '692.7941904', '1.539628526', '2022-06-17', '03:09:07', '5', '14', '27', 'Buy'),
	('472', '4655.551757', '3.946820287', '2022-07-29', '21:11:03', '19', '14', '38', 'Buy'),
	('473', '1482.502427', '1.770581744', '2023-04-24', '01:01:26', '16', '19', '27', 'Sell'),
	('474', '1019.31063', '5.535730293', '2021-03-31', '07:00:20', '2', '16', '32', 'Buy'),
	('475', '951.8996053', '1.439697889', '2022-04-21', '08:58:32', '16', '11', '43', 'Sell'),
	('476', '4465.071277', '2.774131009', '2022-10-10', '23:10:37', '2', '7', '7', 'Buy'),
	('477', '2103.914777', '5.521010308', '2021-04-02', '17:32:12', '5', '19', '26', 'Sell'),
	('478', '1241.091465', '3.600907405', '2021-03-30', '06:19:55', '9', '4', '24', 'Buy'),
	('479', '4245.850642', '3.703403639', '2021-08-09', '02:23:42', '14', '18', '35', 'Buy'),
	('480', '2476.396223', '1.524383996', '2023-05-17', '19:29:40', '11', '11', '14', 'Sell'),
	('481', '2407.413522', '9.338528618', '2023-10-25', '14:06:34', '5', '9', '38', 'Sell'),
	('482', '3330.926323', '3.992178858', '2021-01-12', '15:57:34', '6', '2', '3', 'Buy'),
	('483', '4040.477963', '3.551525944', '2021-07-11', '00:27:50', '5', '16', '17', 'Buy'),
	('484', '1621.575727', '7.924645035', '2021-08-02', '18:54:14', '1', '11', '12', 'Buy'),
	('485', '2870.779532', '7.535549781', '2022-02-02', '21:56:15', '15', '5', '19', 'Buy'),
	('486', '4395.728313', '9.097808245', '2021-01-19', '06:13:51', '1', '7', '32', 'Buy'),
	('487', '1904.115001', '9.049699983', '2023-03-16', '23:34:48', '9', '20', '13', 'Buy'),
	('488', '2360.634214', '2.418024388', '2023-08-28', '14:17:19', '3', '4', '3', 'Sell'),
	('489', '3175.079774', '3.059912189', '2021-01-05', '00:19:02', '13', '20', '42', 'Buy'),
	('490', '1499.240827', '5.196874213', '2021-11-21', '20:34:05', '12', '8', '42', 'Sell'),
	('491', '2476.32662', '8.627929901', '2021-06-30', '21:02:39', '13', '18', '2', 'Buy'),
	('492', '3782.997274', '3.292583177', '2023-04-06', '07:51:49', '6', '1', '18', 'Sell'),
	('493', '1328.413307', '1.959868472', '2021-06-23', '19:39:01', '15', '18', '12', 'Buy'),
	('494', '1115.206844', '3.280465966', '2023-07-21', '16:16:23', '20', '8', '49', 'Buy'),
	('495', '131.2743858', '6.177848755', '2022-09-08', '20:26:36', '5', '10', '42', 'Buy'),
	('496', '2243.760941', '7.704154508', '2022-11-19', '02:08:05', '14', '20', '47', 'Buy'),
	('497', '1307.076661', '2.353836439', '2022-01-07', '10:18:38', '9', '1', '18', 'Sell'),
	('498', '1320.071954', '6.992707544', '2021-12-12', '12:22:27', '12', '7', '39', 'Sell'),
	('499', '585.0632394', '5.325507481', '2023-01-04', '02:09:24', '5', '9', '38', 'Buy'),
	('500', '4672.469224', '2.372906147', '2021-05-09', '02:21:18', '7', '14', '44', 'Sell');
    
    
-- Create the Analysis table
CREATE TABLE Analysis (
    AnalysisID INT PRIMARY KEY,
    AnalysisDate DATE,
    AnalysisTime TIME,
    PortfolioID INT,
    AnalysisType VARCHAR(255),
    FOREIGN KEY (PortfolioID)
        REFERENCES Portfolio (PortfolioID)
);

INSERT INTO Analysis (AnalysisID, AnalysisDate, AnalysisTime, PortfolioID, AnalysisType) VALUES
	('74', '2021-03-06', '16:57:04', '6', 'Diversification'),
	('70', '2021-03-07', '03:55:35', '19', 'Tax'),
	('33', '2021-03-08', '19:52:37', '10', 'Risk Assessment'),
	('90', '2021-03-09', '02:31:31', '10', 'Tax'),
	('99', '2021-03-10', '07:51:49', '10', 'Profit and Loss'),
	('47', '2021-03-11', '01:10:00', '3', 'Diversification'),
	('2', '2021-03-12', '15:46:55', '8', 'Tax'),
	('16', '2021-03-13', '02:09:24', '4', 'Tax'),
	('36', '2021-03-14', '18:04:46', '13', 'Tax'),
	('44', '2021-03-15', '12:01:30', '6', 'Risk Assessment'),
	('22', '2021-03-16', '06:15:38', '2', 'Profit and Loss'),
	('65', '2021-03-17', '06:19:55', '1', 'Risk Assessment'),
	('31', '2021-03-18', '22:10:10', '3', 'Diversification'),
	('21', '2021-03-19', '15:39:56', '3', 'Risk Assessment'),
	('23', '2021-03-20', '00:51:40', '20', 'Profit and Loss'),
	('62', '2021-03-21', '21:54:33', '4', 'Profit and Loss'),
	('79', '2021-03-22', '01:01:26', '13', 'Profit and Loss'),
	('78', '2021-03-23', '03:38:35', '14', 'Tax'),
	('93', '2021-03-24', '09:30:24', '2', 'Diversification'),
	('73', '2021-03-25', '05:47:21', '2', 'Risk Assessment');

-- Create the Reviews table
CREATE TABLE Reviews (
    TransactionID INT,
    AnalysisID INT,
    PRIMARY KEY (TransactionID , AnalysisID),
    FOREIGN KEY (TransactionID)
        REFERENCES Transaction (TransactionID),
    FOREIGN KEY (AnalysisID)
        REFERENCES Analysis (AnalysisID)
);

SET FOREIGN_KEY_CHECKS=0;
INSERT INTO Reviews (TransactionID, AnalysisID) VALUES 
	('229', '70'),
	('230', '98'),
	('419', '51'),
	('134', '30'),
	('244', '13'),
	('311', '93'),
	('428', '26'),
	('295', '61'),
	('343', '18'),
	('165', '8'),
	('375', '64'),
	('44', '85'),
	('90', '16'),
	('286', '16'),
	('291', '40'),
	('249', '60'),
	('293', '44'),
	('172', '23'),
	('54', '60'),
	('127', '90'),
	('22', '60'),
	('102', '48'),
	('395', '91'),
	('48', '43'),
	('245', '94'),
	('303', '42'),
	('481', '80'),
	('438', '50'),
	('442', '40'),
	('451', '1');
SET FOREIGN_KEY_CHECKS=1;


-- Create the Risk Assessment table
CREATE TABLE RiskAssessment (
    AnalysisID INT PRIMARY KEY,
    RiskScore INT,
    RiskCategory VARCHAR(50),
    AssetsAtRisk VARCHAR(255),
    FOREIGN KEY (AnalysisID)
        REFERENCES Analysis (AnalysisID)
);

SET FOREIGN_KEY_CHECKS=0;
INSERT INTO RiskAssessment (AnalysisID, RiskScore, RiskCategory, AssetsAtRisk) VALUES
	('43', '1.52', 'Medium', 'Asset A'),
	('94', '5.96', 'Medium', 'Asset B'),
	('39', '9.53', 'High', 'Asset C'),
	('67', '3.46', 'Medium', 'Asset B'),
	('55', '1.82', 'Medium', 'Asset B'),
	('10', '4.80', 'Medium', 'Asset C'),
	('69', '2.79', 'Medium', 'Asset A'),
	('1', '6.82', 'High', 'Asset A'),
	('7', '1.55', 'Medium', 'Asset A'),
	('60', '3.24', 'Medium', 'Asset A'),
	('58', '7.29', 'High', 'Asset A'),
	('28', '9.55', 'High', 'Asset B'),
	('75', '2.52', 'Medium', 'Asset A'),
	('50', '0.83', 'Low', 'Asset C'),
	('85', '5.31', 'Medium', 'Asset B'),
	('33', '2.26', 'Medium', 'Asset C'),
	('53', '0.34', 'Low', 'Asset A'),
	('65', '5.04', 'Medium', 'Asset B'),
	('9', '5.77', 'Medium', 'Asset C'),
	('56', '7.94', 'High', 'Asset B'),
	('21', '1.41', 'Medium', 'Asset B'),
	('13', '7.36', 'High', 'Asset B'),
	('44', '5.34', 'Medium', 'Asset C'),
	('73', '5.33', 'Medium', 'Asset A'),
	('61', '8.96', 'High', 'Asset A');

SET FOREIGN_KEY_CHECKS=1;

-- Create the Profit and Loss table
CREATE TABLE ProfitAndLoss (
    AnalysisID INT PRIMARY KEY,
    StartDate DATE,
    EndDate DATE,
    InitialInvestment DECIMAL(20 , 2 ),
    Profit_Loss VARCHAR(255),
    NetValue DECIMAL(20 , 2 ),
    CurrentValue DECIMAL(20 , 2 ),
    PercentReturn DECIMAL(10 , 2 ),
    FOREIGN KEY (AnalysisID)
        REFERENCES Analysis (AnalysisID)
);

SET FOREIGN_KEY_CHECKS=0;

INSERT INTO ProfitAndLoss (AnalysisID, StartDate, EndDate, InitialInvestment, Profit_Loss, NetValue, CurrentValue, PercentReturn) VALUES
	('46', '2020-01-13', '2021-06-17', '1088.652646', 'Profit', '428.2236022', '1516.876249', '39.33519141'),
	('76', '2020-01-14', '2021-06-22', '4834.996079', 'Profit', '119.8724747', '4954.868554', '2.479267257'),
	('86', '2020-01-15', '2021-07-01', '1425.002706', 'Profit', '371.3946194', '1796.397325', '26.06273083'),
	('71', '2020-01-16', '2021-08-14', '1012.693769', 'Profit', '497.4856449', '1510.179414', '49.12498329'),
	('79', '2020-01-17', '2021-09-06', '4314.956744', 'Loss', '-447.2563499', '3867.700394', '-10.36525686'),
	('50', '2020-01-18', '2021-09-08', '1746.54313', 'Loss', '-582.1691529', '1164.373977', '-33.33265253'),
	('82', '2020-01-19', '2021-09-11', '2963.438522', 'Profit', '157.9164835', '3121.355006', '5.328826034'),
	('25', '2020-01-20', '2021-09-15', '2666.184086', 'Profit', '867.8610225', '3534.045108', '32.55067897'),
	('23', '2020-01-21', '2021-09-17', '3504.809594', 'Loss', '-383.9763193', '3120.833275', '-10.95569699'),
	('24', '2020-01-22', '2021-09-19', '3282.298971', 'Profit', '41.23666149', '3323.535633', '1.256334717'),
	('8', '2020-01-23', '2021-09-21', '4194.683904', 'Profit', '85.2623473', '4279.946252', '2.032628661'),
	('6', '2020-01-24', '2021-10-06', '3059.113831', 'Profit', '623.114361', '3682.228192', '20.36911326'),
	('22', '2020-01-25', '2021-10-07', '4906.564047', 'Loss', '-488.6495897', '4417.914457', '-9.959099383'),
	('75', '2020-01-26', '2021-10-28', '3247.306522', 'Loss', '-304.8258745', '2942.480647', '-9.387037302'),
	('61', '2020-01-27', '2021-11-01', '3821.694466', 'Profit', '812.1374765', '4633.831942', '21.25071703'),
	('99', '2020-01-28', '2021-11-22', '1510.885381', 'Profit', '253.5637071', '1764.449088', '16.78245817'),
	('80', '2020-01-29', '2021-11-30', '2734.812081', 'Profit', '396.3688945', '3131.180976', '14.49345998'),
	('40', '2020-01-30', '2021-12-10', '3599.755402', 'Loss', '-105.7785705', '3493.976832', '-2.938493277'),
	('45', '2020-01-31', '2021-12-10', '2539.264577', 'Profit', '451.7932882', '2991.057865', '17.79228885'),
	('11', '2020-02-01', '2021-12-16', '3084.927373', 'Loss', '-456.9151643', '2628.012209', '-14.81121301'),
	('38', '2020-02-02', '2021-05-26', '3697.628208', 'Profit', '718.1272944', '4415.755503', '19.42129532');
    
SET FOREIGN_KEY_CHECKS=1;
    
-- Create the Diversification table
CREATE TABLE Diversification (
    AnalysisID INT PRIMARY KEY,
    ConcentrationPercent DECIMAL(10 , 2 ),
    AssetType VARCHAR(50),
    DiversificationScore DECIMAL(10 , 2 ),
    FOREIGN KEY (AnalysisID)
        REFERENCES Analysis (AnalysisID)
);

SET FOREIGN_KEY_CHECKS=0;

INSERT INTO Diversification (AnalysisID, ConcentrationPercent, AssetType, DiversificationScore) VALUES
	('82', '58.24490269', 'Type A', '9.046158403'),
	('59', '86.49379954', 'Type A', '9.7723002'),
	('34', '85.74167002', 'Type A', '4.770873425'),
	('48', '74.249112', 'Type A', '4.947689606'),
	('35', '89.66586927', 'Type C', '5.867624574'),
	('38', '84.41597803', 'Type A', '9.779499414'),
	('96', '53.44009992', 'Type A', '3.613676678'),
	('13', '91.3995898', 'Type C', '4.864718305'),
	('62', '9.573088259', 'Type A', '5.446177902'),
	('50', '11.60727459', 'Type A', '8.489933852'),
	('47', '97.5782187', 'Type B', '1.418423162'),
	('56', '18.45389483', 'Type C', '6.173186062'),
	('67', '1.398215839', 'Type A', '2.616099441'),
	('74', '57.64169864', 'Type C', '8.707583185'),
	('28', '39.59262152', 'Type B', '0.039565738'),
	('75', '57.16844837', 'Type C', '8.388356802'),
	('31', '27.27320312', 'Type A', '8.558743034'),
	('7', '55.00265699', 'Type C', '8.056122619'),
	('53', '97.19334594', 'Type B', '5.522620783'),
	('97', '14.41948522', 'Type B', '5.978271259'),
	('93', '23.61665417', 'Type C', '1.464657489'),
	('24', '71.17609573', 'Type C', '6.125550542'),
	('100', '33.98381773', 'Type B', '4.975006095'),
	('46', '96.21417258', 'Type B', '3.287201539');

SET FOREIGN_KEY_CHECKS=1;

-- Create the Tax table
CREATE TABLE Tax (
    AnalysisID INT PRIMARY KEY,
    TaxableEvent VARCHAR(255),
    TotalTaxDue DECIMAL(20 , 2 ),
    TaxSavingsOpportunities VARCHAR(255),
    TaxBracket VARCHAR(255),
    FOREIGN KEY (AnalysisID)
        REFERENCES Analysis (AnalysisID)
);

SET FOREIGN_KEY_CHECKS=0;

INSERT INTO Tax (AnalysisID, TaxableEvent, TotalTaxDue, TaxSavingsOpportunities, TaxBracket) VALUES
	('12', 'Event C', '495.262382', 'Long-Term Holding', 'Bracket 2'),
	('32', 'Event B', '336.6460743', 'Tax-Loss Harvesting', 'Bracket 2'),
	('6', 'Event B', '987.6862183', 'Cryptocurrency IRA', 'Bracket 2'),
	('59', 'Event A', '555.4362213', 'Donating Cryptocurrency', 'Bracket 3'),
	('80', 'Event C', '395.1413675', 'Donating Cryptocurrency', 'Bracket 3'),
	('16', 'Event A', '706.876706', 'Long-Term Holding', 'Bracket 1'),
	('36', 'Event B', '328.2800941', 'Tax-Loss Harvesting', 'Bracket 2'),
	('86', 'Event C', '870.129192', 'Donating Cryptocurrency', 'Bracket 3'),
	('24', 'Event B', '910.6644553', 'Long-Term Holding', 'Bracket 1'),
	('78', 'Event A', '583.1407248', 'Long-Term Holding', 'Bracket 1'),
	('9', 'Event C', '295.122452', 'Cryptocurrency IRA', 'Bracket 3'),
	('100', 'Event C', '278.7304533', 'Donating Cryptocurrency', 'Bracket 3'),
	('57', 'Event B', '123.3057953', 'Cryptocurrency IRA', 'Bracket 3'),
	('25', 'Event B', '709.0552748', 'Cryptocurrency IRA', 'Bracket 3'),
	('1', 'Event A', '638.7505082', 'Cryptocurrency IRA', 'Bracket 3'),
	('27', 'Event A', '627.9736909', 'Long-Term Holding', 'Bracket 1'),
	('83', 'Event B', '554.6498301', 'Tax-Loss Harvesting', 'Bracket 2'),
	('85', 'Event B', '652.1674887', 'Tax-Loss Harvesting', 'Bracket 2'),
	('17', 'Event B', '957.2853746', 'Tax-Loss Harvesting', 'Bracket 2'),
	('70', 'Event B', '769.2734482', 'Tax-Loss Harvesting', 'Bracket 2'),
	('91', 'Event B', '840.747658', 'Cryptocurrency IRA', 'Bracket 3'),
	('42', 'Event A', '260.6753539', 'Cryptocurrency IRA', 'Bracket 3'),
	('49', 'Event C', '465.1140332', 'Cryptocurrency IRA', 'Bracket 3'),
	('2', 'Event A', '188.9088309', 'Long-Term Holding', 'Bracket 1'),
	('90', 'Event B', '852.3683065', 'Donating Cryptocurrency', 'Bracket 3');

SET FOREIGN_KEY_CHECKS=1;

-- Create the Holds table
CREATE TABLE Holds (
    UserID INT,
    CryptocurrencyID INT,
    PRIMARY KEY (UserID , CryptocurrencyID),
    FOREIGN KEY (UserID)
        REFERENCES User (UserID),
    FOREIGN KEY (CryptocurrencyID)
        REFERENCES Cryptocurrency (CryptocurrencyID)
);

INSERT INTO Holds (UserID, CryptocurrencyID) VALUES
	('1', '43'),
	('2', '2'),
	('3', '6'),
	('4', '34'),
	('5', '20'),
	('6', '9'),
	('7', '12'),
	('8', '28'),
	('9', '22'),
	('10', '17'),
	('11', '16'),
	('12', '15'),
	('13', '8'),
	('14', '24'),
	('15', '13'),
	('16', '15'),
	('17', '7'),
	('18', '23'),
	('19', '1'),
	('20', '33'),
	('1', '26'),
	('2', '21'),
	('3', '39'),
	('4', '29'),
	('5', '3'),
	('6', '27'),
	('7', '9'),
	('8', '2'),
	('9', '32'),
	('10', '28'),
	('11', '39'),
	('12', '2'),
	('13', '39'),
	('14', '29'),
	('15', '28'),
	('16', '8'),
	('17', '32'),
	('18', '31'),
	('19', '11'),
	('20', '24'),
	('1', '31'),
	('2', '10'),
	('3', '22'),
	('4', '32'),
	('5', '9'),
	('6', '14'),
	('8', '32'),
	('9', '28'),
	('10', '1'),
	('11', '14'),
	('12', '35'),
	('13', '13'),
	('14', '9'),
	('15', '32'),
	('16', '11'),
	('17', '10'),
	('18', '45'),
	('19', '4'),
	('20', '1');

-- Create the Provides table
CREATE TABLE Provides (
    UserID INT,
    ExchangeID INT,
    PRIMARY KEY (UserID , ExchangeID),
    FOREIGN KEY (UserID)
        REFERENCES User (UserID),
    FOREIGN KEY (ExchangeID)
        REFERENCES Exchange (ExchangeID)
);

INSERT INTO Provides (UserID, ExchangeID) VALUES
	('1', '1'),
	('2', '2'),
	('3', '10'),
	('4', '8'),
	('5', '2'),
	('6', '1'),
	('7', '7'),
	('8', '8'),
	('9', '5'),
	('10', '7'),
	('11', '3'),
	('12', '7'),
	('13', '3'),
	('14', '4'),
	('15', '7'),
	('16', '4'),
	('17', '3'),
	('18', '5'),
	('19', '10'),
	('20', '8');

-- Create the Tracks table
CREATE TABLE Tracks (
    CryptocurrencyID INT,
    WatchlistID INT,
    PRIMARY KEY (CryptocurrencyID , WatchlistID),
    FOREIGN KEY (CryptocurrencyID)
        REFERENCES Cryptocurrency (CryptocurrencyID),
    FOREIGN KEY (WatchlistID)
        REFERENCES Watchlist (WatchlistID)
);

INSERT INTO Tracks (CryptocurrencyID, WatchlistID) VALUES
	('27', '1'),
	('18', '2'),
	('32', '3'),
	('49', '4'),
	('22', '5'),
	('38', '6'),
	('15', '7'),
	('11', '8'),
	('24', '9'),
	('30', '10'),
	('8', '11'),
	('3', '12'),
	('10', '13'),
	('2', '14'),
	('34', '15'),
	('29', '16'),
	('31', '17'),
	('43', '18'),
	('36', '19'),
	('23', '20'),
	('20', '21'),
	('19', '22'),
	('12', '23'),
	('44', '24'),
	('5', '25'),
	('9', '26'),
	('40', '27'),
	('28', '28'),
	('37', '29'),
	('42', '30'),
	('21', '31'),
	('7', '32'),
	('6', '33'),
	('25', '34'),
	('35', '35'),
	('33', '36'),
	('17', '37'),
	('4', '38'),
	('14', '39'),
	('47', '40');

-- Create the Listed_On table
CREATE TABLE Listed_On (
    CryptocurrencyID INT,
    ExchangeID INT,
    PRIMARY KEY (CryptocurrencyID , ExchangeID),
    FOREIGN KEY (CryptocurrencyID)
        REFERENCES Cryptocurrency (CryptocurrencyID),
    FOREIGN KEY (ExchangeID)
        REFERENCES Exchange (ExchangeID)
);

INSERT INTO Listed_On (CryptocurrencyID, ExchangeID) VALUES
	('1', '1'),
	('2', '9'),
	('3', '2'),
	('4', '1'),
	('5', '5'),
	('6', '5'),
	('7', '9'),
	('8', '10'),
	('9', '6'),
	('10', '8'),
	('11', '9'),
	('12', '1'),
	('13', '5'),
	('14', '5'),
	('15', '10'),
	('16', '1'),
	('17', '7'),
	('18', '10'),
	('19', '3'),
	('20', '6'),
	('21', '9'),
	('22', '3'),
	('23', '6'),
	('24', '7'),
	('25', '7'),
	('26', '4'),
	('27', '8'),
	('28', '2'),
	('29', '8'),
	('30', '8'),
	('31', '9'),
	('32', '4'),
	('33', '6'),
	('34', '8'),
	('35', '8'),
	('36', '5'),
	('37', '1'),
	('38', '3'),
	('39', '8'),
	('40', '3'),
	('41', '7'),
	('42', '7'),
	('43', '10'),
	('44', '7'),
	('45', '7'),
	('46', '9'),
	('47', '5'),
	('48', '9'),
	('49', '6');

-- Create the Alert table
CREATE TABLE Alert (
    AlertID INT PRIMARY KEY,
    WatchlistID INT,
    DailyChange DECIMAL(10 , 2 ),
    FOREIGN KEY (WatchlistID)
        REFERENCES Watchlist (WatchlistID)
);

INSERT INTO Alert (AlertID, WatchlistID, DailyChange) VALUES
	('1', '1', '-5.228767771'),
	('2', '2', '-2.973433359'),
	('3', '3', '-8.459027193'),
	('4', '4', '7.69114684'),
	('5', '5', '-3.143095761'),
	('6', '6', '0.438986778'),
	('7', '7', '-3.647155049'),
	('8', '8', '8.901864266'),
	('9', '9', '1.515321551'),
	('10', '10', '-2.792736253'),
	('11', '11', '-3.560785582'),
	('12', '12', '5.421576749'),
	('13', '13', '-3.746644863'),
	('14', '14', '-0.529386126'),
	('15', '15', '-5.216770664'),
	('16', '16', '5.405638899'),
	('17', '17', '3.627449232'),
	('18', '18', '6.229075759'),
	('19', '19', '-5.121825123'),
	('20', '20', '-8.977407436'),
	('21', '21', '-2.209373048'),
	('22', '22', '-9.786800154'),
	('23', '23', '-1.64576604'),
	('24', '24', '9.839350265'),
	('25', '25', '8.859017845'),
	('26', '26', '-2.053716837'),
	('27', '27', '7.112687214'),
	('28', '28', '7.471601871'),
	('29', '29', '-3.535083297'),
	('30', '30', '-0.507263128'),
	('31', '31', '-4.776135387'),
	('32', '32', '-6.224279888'),
	('33', '33', '-8.384679886'),
	('34', '34', '4.052691968'),
	('35', '35', '9.422420607'),
	('36', '36', '8.075961243'),
	('37', '37', '-7.260340054'),
	('38', '38', '2.53146309'),
	('39', '39', '-8.691182053'),
	('40', '40', '-1.354097198');
